name,nodes,edges,time,result_set,result_w
h1,0,0,8.821487426757812e-06,[],0
mmg,0,0,6.9141387939453125e-06,[],0
h1,4,30,5.1975250244140625e-05,"['CL12', 'CL19']",53
mmg,4,30,0.00017380714416503906,"['CL18', 'CL12', 'CL19']",99
h1,8,60,0.0003521442413330078,"['CL22', 'CL26', 'CL27', 'CL31']",198
mmg,8,60,0.00033164024353027344,"['CL26', 'CL22', 'CL27', 'CL31']",198
