name,nodes,edges,time,result_set,result_w
h1,0,0,8.106231689453125e-06,[],0
mmg,0,0,6.9141387939453125e-06,[],0
h1,4,30,6.222724914550781e-05,"['CL16', 'CL17', 'CL18']",168
mmg,4,30,0.00013327598571777344,"['CL18', 'CL11']",162
h1,9,60,8.392333984375e-05,"['CL32', 'CL21', 'CL37', 'CL38']",172
mmg,9,60,0.0003998279571533203,"['CL21', 'CL37', 'CL22', 'CL38']",211
