name,nodes,edges,time,result_set,result_w
SoA heuristic,4000,3000000,6.051137200091034,1,16.706804674288136
MMG,4000,3000000,0.4110468002036214,1,16.706804674288136
SoA heuristic,4020,3030075,4.291710600024089,1,15.831317634236916
MMG,4020,3030075,0.345081300009042,1,15.831317634236916
SoA heuristic,4040,3060300,2.7041514001321048,1,13.104785628799132
MMG,4040,3060300,0.22215010016225278,1,13.104785628799132
SoA heuristic,4080,3121200,3.965652500046417,1,6.397693471132111
MMG,4080,3121200,0.24663219996728003,1,6.397693471132111
